﻿<mockup version="5.3" minAllowVersion="5.3" ID="40F25B59-357F-4D38-9EF5-75CDE01E11C8" platform="MtWeb" defaultW="1928" defaultH="1024" measureW="1928" measureH="912" mobileScreenScale="0">
  <controls controlCount="1">
    <control controlID="24A248D5-66F1-4E7D-9D87-A2C9DDE64206" controlTypeID="Image" x="0" y="0" w="1928" h="912" zOrder="0">
      <URL>E6BB40E1841E52E07BF29AF7C370A1A0.png</URL>
    </control>
  </controls>
  <param>
    <backgroundColor>4293522165</backgroundColor>
    <fontSize>14</fontSize>
    <fontFamily>Segoe+UI</fontFamily>
    <guideLines/>
  </param>
</mockup>