<master version="5.3" minAllowVersion="5.3" ID="979C8132-56E2-4C99-8356-9227E2135DAC">
  <controls>
    <control controlID="CF1BDDA0-F786-47F3-A135-EFE035A02E0C" controlTypeID="Master" x="517" y="2496" w="366" h="19" zOrder="93" masterID="979C8132-56E2-4C99-8356-9227E2135DAC">
      <groupChildrenDescriptors>
        <control controlID="38B012AF-F43E-40EF-8F65-C5EE0513081B" controlTypeID="LinkBar" x="0" y="0" w="366" h="19" zOrder="0">
          <font family="%E5%BE%AE%E8%BD%AF%E9%9B%85%E9%BB%91" displayName="%E5%BE%AE%E8%BD%AF%E9%9B%85%E9%BB%91" postScript="" weightStyle="Regular" weight="400" isBold="False" isItalic="False"/>
          <text>RODD+%26+GUNN+%7C+SITEMAP+%7C+TERMS+AND+CONDITIONS</text>
          <textColor>4288256409</textColor>
          <textSize>14</textSize>
          <lineSpacing>0</lineSpacing>
        </control>
      </groupChildrenDescriptors>
    </control>
  </controls>
</master>