﻿<LinkSources version="1.02">
  <page ID="58B080C3-6A7B-4B3A-BB64-88C8F0E1A539">
    <linkSource sourcePageID="9AC6B032-D90D-452B-B233-2C7F3D58066D" comID="1AE48DBE-6859-4E0D-976C-03F20058A307" comLinkType="cltPageLink"/>
  </page>
  <page ID="9AC6B032-D90D-452B-B233-2C7F3D58066D">
    <linkSource sourcePageID="58B080C3-6A7B-4B3A-BB64-88C8F0E1A539" comID="BF6C539F-B39E-44BB-8CE1-2AF1FEC0FDD9" comLinkType="cltPageLink"/>
  </page>
  <page ID="B62E1E3E-AE06-4B04-8100-574BDD086B80">
    <linkSource sourcePageID="58B080C3-6A7B-4B3A-BB64-88C8F0E1A539" comID="868C6A31-C2A7-4733-9B0B-740AD471ADDB" comLinkType="cltPageLink"/>
    <linkSource sourcePageID="D9B815DD-E9BE-4CBF-8D62-714FCE541B38" comID="03040C0A-089F-4360-BE55-DA18D2255CBC" comLinkType="cltPageLink"/>
    <linkSource sourcePageID="9F5725BD-F51A-4E8B-8C11-1312CAA21B4D" comID="842BF27E-2D79-427F-939F-07A4A3A11335" comLinkType="cltPageLink"/>
    <linkSource sourcePageID="96937B2B-CCB5-4551-87F1-0C3F77B028F5" comID="FB84A078-31CA-4C75-91B4-37DEF0C09651" comLinkType="cltPageLink"/>
    <linkSource sourcePageID="008D8E0F-0592-42D8-88B9-162FDA2E05D5" comID="972778CE-17AF-4067-B631-06B785163AAD" comLinkType="cltPageLink"/>
    <linkSource sourcePageID="40F25B59-357F-4D38-9EF5-75CDE01E11C8" comID="DA2658E0-F906-4AC6-81EB-CBA9818C33B0" comLinkType="cltPageLink"/>
    <linkSource sourcePageID="294BFBF9-5F37-4BDB-BFB2-2BE6C698751E" comID="F6DAF875-A878-4EC4-AB89-1F6BB2466680" comLinkType="cltPageLink"/>
    <linkSource sourcePageID="7615B5B3-7DC8-4A6E-B6A5-243EBD4185F8" comID="F6DAF875-A878-4EC4-AB89-1F6BB2466680" comLinkType="cltPageLink"/>
    <linkSource sourcePageID="559F9B7E-551A-4300-AC93-720388EABFDA" comID="F6DAF875-A878-4EC4-AB89-1F6BB2466680" comLinkType="cltPageLink"/>
    <linkSource sourcePageID="6AA02C60-2BB5-497E-A86E-675DC1FD00FD" comID="F6DAF875-A878-4EC4-AB89-1F6BB2466680" comLinkType="cltPageLink"/>
    <linkSource sourcePageID="B62E1E3E-AE06-4B04-8100-574BDD086B80" comID="509579F1-70B6-4090-84A0-F045E83EF2CB" comLinkType="cltPageLink"/>
    <linkSource sourcePageID="6C11AD2A-4DC0-4E44-87FF-52B8971B9BCF" comID="E12B7ECE-5660-4DEC-8A9F-6E88F1F6DA07" comLinkType="cltPageLink"/>
    <linkSource sourcePageID="02388DBA-9AC2-49BA-9C05-34841FE03230" comID="842BF27E-2D79-427F-939F-07A4A3A11335" comLinkType="cltPageLink"/>
    <linkSource sourcePageID="E058076B-9A4C-420F-B3B1-797638470BA7" comID="DA2658E0-F906-4AC6-81EB-CBA9818C33B0" comLinkType="cltPageLink"/>
    <linkSource sourcePageID="215613A8-2AC9-457A-A1BF-1A21D2A851FE" comID="DA2658E0-F906-4AC6-81EB-CBA9818C33B0" comLinkType="cltPageLink"/>
    <linkSource sourcePageID="B7DB59A8-04D3-45AC-939D-A3C04BE6490D" comID="DA2658E0-F906-4AC6-81EB-CBA9818C33B0" comLinkType="cltPageLink"/>
    <linkSource sourcePageID="62447F39-370A-4D55-85BC-9986A9F0FAE7" comID="DA2658E0-F906-4AC6-81EB-CBA9818C33B0" comLinkType="cltPageLink"/>
    <linkSource sourcePageID="2606CC4C-4D13-445F-AFB8-18740AF5EACE" comID="DA2658E0-F906-4AC6-81EB-CBA9818C33B0" comLinkType="cltPageLink"/>
  </page>
  <page ID="6AA02C60-2BB5-497E-A86E-675DC1FD00FD">
    <linkSource sourcePageID="B62E1E3E-AE06-4B04-8100-574BDD086B80" comID="FA8C509B-5690-445E-97EC-00DC7FF92AFB" comLinkType="cltPageLink"/>
    <linkSource sourcePageID="559F9B7E-551A-4300-AC93-720388EABFDA" comID="69D411A1-6476-4D1E-97CF-0B5D1C3C30A7" comLinkType="cltPageLink"/>
    <linkSource sourcePageID="559F9B7E-551A-4300-AC93-720388EABFDA" comID="F9D1688C-A850-4B02-AB36-06E5005C172D" comLinkType="cltPageLink"/>
    <linkSource sourcePageID="382D82CF-2465-4A60-B40D-97AF8D59EC9A" comID="F9D1688C-A850-4B02-AB36-06E5005C172D" comLinkType="cltPageLink"/>
    <linkSource sourcePageID="382D82CF-2465-4A60-B40D-97AF8D59EC9A" comID="69D411A1-6476-4D1E-97CF-0B5D1C3C30A7" comLinkType="cltPageLink"/>
    <linkSource sourcePageID="7615B5B3-7DC8-4A6E-B6A5-243EBD4185F8" comID="F9D1688C-A850-4B02-AB36-06E5005C172D" comLinkType="cltPageLink"/>
    <linkSource sourcePageID="294BFBF9-5F37-4BDB-BFB2-2BE6C698751E" comID="F9D1688C-A850-4B02-AB36-06E5005C172D" comLinkType="cltPageLink"/>
    <linkSource sourcePageID="40F25B59-357F-4D38-9EF5-75CDE01E11C8" comID="CE3C13A6-BFC5-4BA0-9BDC-34AF66CD1A20" comLinkType="cltPageLink"/>
    <linkSource sourcePageID="008D8E0F-0592-42D8-88B9-162FDA2E05D5" comID="CE3C13A6-BFC5-4BA0-9BDC-34AF66CD1A20" comLinkType="cltPageLink"/>
    <linkSource sourcePageID="96937B2B-CCB5-4551-87F1-0C3F77B028F5" comID="CE3C13A6-BFC5-4BA0-9BDC-34AF66CD1A20" comLinkType="cltPageLink"/>
    <linkSource sourcePageID="9F5725BD-F51A-4E8B-8C11-1312CAA21B4D" comID="CE3C13A6-BFC5-4BA0-9BDC-34AF66CD1A20" comLinkType="cltPageLink"/>
    <linkSource sourcePageID="D9B815DD-E9BE-4CBF-8D62-714FCE541B38" comID="CE3C13A6-BFC5-4BA0-9BDC-34AF66CD1A20" comLinkType="cltPageLink"/>
    <linkSource sourcePageID="08F5E018-0346-4120-8C0D-6F4F39ABF6CC" comID="CE3C13A6-BFC5-4BA0-9BDC-34AF66CD1A20" comLinkType="cltPageLink"/>
    <linkSource sourcePageID="B62E1E3E-AE06-4B04-8100-574BDD086B80" comID="2AAB55B6-4250-4769-A421-DEDC558199CE" comLinkType="cltPageLink"/>
    <linkSource sourcePageID="48BF2CE3-999B-4B53-95C2-B98C4664D38D" comID="FA8C509B-5690-445E-97EC-00DC7FF92AFB" comLinkType="cltPageLink"/>
    <linkSource sourcePageID="40F25B59-357F-4D38-9EF5-75CDE01E11C8" comID="0E972EB6-62E2-4853-91BE-55927A83F9B6" comLinkType="cltPageLink"/>
    <linkSource sourcePageID="008D8E0F-0592-42D8-88B9-162FDA2E05D5" comID="B12F9521-3E6D-44B0-A0A9-E1CB5CC60A8A" comLinkType="cltPageLink"/>
    <linkSource sourcePageID="96937B2B-CCB5-4551-87F1-0C3F77B028F5" comID="D13968F2-D65F-4053-A4C1-8B981D08741F" comLinkType="cltPageLink"/>
    <linkSource sourcePageID="9F5725BD-F51A-4E8B-8C11-1312CAA21B4D" comID="6F9DE2C6-D731-457F-8EBD-B2B1B3B2DDCB" comLinkType="cltPageLink"/>
    <linkSource sourcePageID="D9B815DD-E9BE-4CBF-8D62-714FCE541B38" comID="711CC715-C395-4EDD-8B85-AEC0C35E0281" comLinkType="cltPageLink"/>
    <linkSource sourcePageID="6C11AD2A-4DC0-4E44-87FF-52B8971B9BCF" comID="49DF7192-7898-4111-980A-A90EB716115A" comLinkType="cltPageLink"/>
    <linkSource sourcePageID="02388DBA-9AC2-49BA-9C05-34841FE03230" comID="6F9DE2C6-D731-457F-8EBD-B2B1B3B2DDCB" comLinkType="cltPageLink"/>
    <linkSource sourcePageID="E058076B-9A4C-420F-B3B1-797638470BA7" comID="CE3C13A6-BFC5-4BA0-9BDC-34AF66CD1A20" comLinkType="cltPageLink"/>
    <linkSource sourcePageID="E058076B-9A4C-420F-B3B1-797638470BA7" comID="0E972EB6-62E2-4853-91BE-55927A83F9B6" comLinkType="cltPageLink"/>
    <linkSource sourcePageID="215613A8-2AC9-457A-A1BF-1A21D2A851FE" comID="CE3C13A6-BFC5-4BA0-9BDC-34AF66CD1A20" comLinkType="cltPageLink"/>
    <linkSource sourcePageID="215613A8-2AC9-457A-A1BF-1A21D2A851FE" comID="0E972EB6-62E2-4853-91BE-55927A83F9B6" comLinkType="cltPageLink"/>
    <linkSource sourcePageID="B7DB59A8-04D3-45AC-939D-A3C04BE6490D" comID="CE3C13A6-BFC5-4BA0-9BDC-34AF66CD1A20" comLinkType="cltPageLink"/>
    <linkSource sourcePageID="B7DB59A8-04D3-45AC-939D-A3C04BE6490D" comID="0E972EB6-62E2-4853-91BE-55927A83F9B6" comLinkType="cltPageLink"/>
    <linkSource sourcePageID="62447F39-370A-4D55-85BC-9986A9F0FAE7" comID="CE3C13A6-BFC5-4BA0-9BDC-34AF66CD1A20" comLinkType="cltPageLink"/>
    <linkSource sourcePageID="62447F39-370A-4D55-85BC-9986A9F0FAE7" comID="0E972EB6-62E2-4853-91BE-55927A83F9B6" comLinkType="cltPageLink"/>
    <linkSource sourcePageID="2606CC4C-4D13-445F-AFB8-18740AF5EACE" comID="CE3C13A6-BFC5-4BA0-9BDC-34AF66CD1A20" comLinkType="cltPageLink"/>
    <linkSource sourcePageID="2606CC4C-4D13-445F-AFB8-18740AF5EACE" comID="0E972EB6-62E2-4853-91BE-55927A83F9B6" comLinkType="cltPageLink"/>
  </page>
  <page ID="559F9B7E-551A-4300-AC93-720388EABFDA">
    <linkSource sourcePageID="6AA02C60-2BB5-497E-A86E-675DC1FD00FD" comID="8C07458F-E012-4049-B195-97D1AB62BF62" comLinkType="cltPageLink"/>
    <linkSource sourcePageID="7615B5B3-7DC8-4A6E-B6A5-243EBD4185F8" comID="8C07458F-E012-4049-B195-97D1AB62BF62" comLinkType="cltPageLink"/>
    <linkSource sourcePageID="294BFBF9-5F37-4BDB-BFB2-2BE6C698751E" comID="8C07458F-E012-4049-B195-97D1AB62BF62" comLinkType="cltPageLink"/>
    <linkSource sourcePageID="40F25B59-357F-4D38-9EF5-75CDE01E11C8" comID="8C07458F-E012-4049-B195-97D1AB62BF62" comLinkType="cltPageLink"/>
    <linkSource sourcePageID="008D8E0F-0592-42D8-88B9-162FDA2E05D5" comID="8C07458F-E012-4049-B195-97D1AB62BF62" comLinkType="cltPageLink"/>
    <linkSource sourcePageID="96937B2B-CCB5-4551-87F1-0C3F77B028F5" comID="8C07458F-E012-4049-B195-97D1AB62BF62" comLinkType="cltPageLink"/>
    <linkSource sourcePageID="9F5725BD-F51A-4E8B-8C11-1312CAA21B4D" comID="8C07458F-E012-4049-B195-97D1AB62BF62" comLinkType="cltPageLink"/>
    <linkSource sourcePageID="D9B815DD-E9BE-4CBF-8D62-714FCE541B38" comID="8C07458F-E012-4049-B195-97D1AB62BF62" comLinkType="cltPageLink"/>
    <linkSource sourcePageID="08F5E018-0346-4120-8C0D-6F4F39ABF6CC" comID="8C07458F-E012-4049-B195-97D1AB62BF62" comLinkType="cltPageLink"/>
    <linkSource sourcePageID="02388DBA-9AC2-49BA-9C05-34841FE03230" comID="8C07458F-E012-4049-B195-97D1AB62BF62" comLinkType="cltPageLink"/>
    <linkSource sourcePageID="E058076B-9A4C-420F-B3B1-797638470BA7" comID="8C07458F-E012-4049-B195-97D1AB62BF62" comLinkType="cltPageLink"/>
    <linkSource sourcePageID="215613A8-2AC9-457A-A1BF-1A21D2A851FE" comID="8C07458F-E012-4049-B195-97D1AB62BF62" comLinkType="cltPageLink"/>
    <linkSource sourcePageID="B7DB59A8-04D3-45AC-939D-A3C04BE6490D" comID="8C07458F-E012-4049-B195-97D1AB62BF62" comLinkType="cltPageLink"/>
    <linkSource sourcePageID="62447F39-370A-4D55-85BC-9986A9F0FAE7" comID="8C07458F-E012-4049-B195-97D1AB62BF62" comLinkType="cltPageLink"/>
  </page>
  <page ID="7615B5B3-7DC8-4A6E-B6A5-243EBD4185F8">
    <linkSource sourcePageID="559F9B7E-551A-4300-AC93-720388EABFDA" comID="D013BBC2-3956-47E6-9F84-7C80A87811AA" comLinkType="cltPageLink"/>
    <linkSource sourcePageID="6AA02C60-2BB5-497E-A86E-675DC1FD00FD" comID="D013BBC2-3956-47E6-9F84-7C80A87811AA" comLinkType="cltPageLink"/>
    <linkSource sourcePageID="40F25B59-357F-4D38-9EF5-75CDE01E11C8" comID="D013BBC2-3956-47E6-9F84-7C80A87811AA" comLinkType="cltPageLink"/>
    <linkSource sourcePageID="008D8E0F-0592-42D8-88B9-162FDA2E05D5" comID="D013BBC2-3956-47E6-9F84-7C80A87811AA" comLinkType="cltPageLink"/>
    <linkSource sourcePageID="96937B2B-CCB5-4551-87F1-0C3F77B028F5" comID="D013BBC2-3956-47E6-9F84-7C80A87811AA" comLinkType="cltPageLink"/>
    <linkSource sourcePageID="9F5725BD-F51A-4E8B-8C11-1312CAA21B4D" comID="D013BBC2-3956-47E6-9F84-7C80A87811AA" comLinkType="cltPageLink"/>
    <linkSource sourcePageID="D9B815DD-E9BE-4CBF-8D62-714FCE541B38" comID="D013BBC2-3956-47E6-9F84-7C80A87811AA" comLinkType="cltPageLink"/>
    <linkSource sourcePageID="08F5E018-0346-4120-8C0D-6F4F39ABF6CC" comID="D013BBC2-3956-47E6-9F84-7C80A87811AA" comLinkType="cltPageLink"/>
    <linkSource sourcePageID="02388DBA-9AC2-49BA-9C05-34841FE03230" comID="D013BBC2-3956-47E6-9F84-7C80A87811AA" comLinkType="cltPageLink"/>
    <linkSource sourcePageID="E058076B-9A4C-420F-B3B1-797638470BA7" comID="D013BBC2-3956-47E6-9F84-7C80A87811AA" comLinkType="cltPageLink"/>
    <linkSource sourcePageID="215613A8-2AC9-457A-A1BF-1A21D2A851FE" comID="D013BBC2-3956-47E6-9F84-7C80A87811AA" comLinkType="cltPageLink"/>
    <linkSource sourcePageID="B7DB59A8-04D3-45AC-939D-A3C04BE6490D" comID="D013BBC2-3956-47E6-9F84-7C80A87811AA" comLinkType="cltPageLink"/>
    <linkSource sourcePageID="62447F39-370A-4D55-85BC-9986A9F0FAE7" comID="D013BBC2-3956-47E6-9F84-7C80A87811AA" comLinkType="cltPageLink"/>
  </page>
  <page ID="294BFBF9-5F37-4BDB-BFB2-2BE6C698751E">
    <linkSource sourcePageID="7615B5B3-7DC8-4A6E-B6A5-243EBD4185F8" comID="EF2F6227-1B42-49B1-B706-45853E46E3D6" comLinkType="cltPageLink"/>
    <linkSource sourcePageID="40F25B59-357F-4D38-9EF5-75CDE01E11C8" comID="5095D829-923D-476E-BB0C-2FE96EE6DFA8" comLinkType="cltPageLink"/>
  </page>
  <page ID="40F25B59-357F-4D38-9EF5-75CDE01E11C8">
    <linkSource sourcePageID="B62E1E3E-AE06-4B04-8100-574BDD086B80" comID="4115B115-2CB3-4CD9-A144-300C8A3CFEE2" comLinkType="cltPageLink"/>
    <linkSource sourcePageID="6AA02C60-2BB5-497E-A86E-675DC1FD00FD" comID="4115B115-2CB3-4CD9-A144-300C8A3CFEE2" comLinkType="cltPageLink"/>
    <linkSource sourcePageID="559F9B7E-551A-4300-AC93-720388EABFDA" comID="4115B115-2CB3-4CD9-A144-300C8A3CFEE2" comLinkType="cltPageLink"/>
    <linkSource sourcePageID="559F9B7E-551A-4300-AC93-720388EABFDA" comID="74C058E2-7E1A-4832-B025-C183C893BD9D" comLinkType="cltPageLink"/>
    <linkSource sourcePageID="7615B5B3-7DC8-4A6E-B6A5-243EBD4185F8" comID="4115B115-2CB3-4CD9-A144-300C8A3CFEE2" comLinkType="cltPageLink"/>
    <linkSource sourcePageID="294BFBF9-5F37-4BDB-BFB2-2BE6C698751E" comID="4115B115-2CB3-4CD9-A144-300C8A3CFEE2" comLinkType="cltPageLink"/>
    <linkSource sourcePageID="B62E1E3E-AE06-4B04-8100-574BDD086B80" comID="A0AA0E83-4A44-4775-ABB4-2C327931CFD4" comLinkType="cltPageLink"/>
    <linkSource sourcePageID="48BF2CE3-999B-4B53-95C2-B98C4664D38D" comID="4115B115-2CB3-4CD9-A144-300C8A3CFEE2" comLinkType="cltPageLink"/>
    <linkSource sourcePageID="40F25B59-357F-4D38-9EF5-75CDE01E11C8" comID="99554D98-44CD-40FA-AA3F-226809D07EFA" comLinkType="cltPageLink"/>
    <linkSource sourcePageID="008D8E0F-0592-42D8-88B9-162FDA2E05D5" comID="0A7EDB5B-905E-4C4C-A181-B2E49DF827A3" comLinkType="cltPageLink"/>
    <linkSource sourcePageID="96937B2B-CCB5-4551-87F1-0C3F77B028F5" comID="F9A2BBAE-49E6-46FD-AB61-118D24EE41A7" comLinkType="cltPageLink"/>
    <linkSource sourcePageID="9F5725BD-F51A-4E8B-8C11-1312CAA21B4D" comID="995F2419-0727-4456-A0C1-EC244A92457D" comLinkType="cltPageLink"/>
    <linkSource sourcePageID="D9B815DD-E9BE-4CBF-8D62-714FCE541B38" comID="AF283B8E-95E3-464A-8A70-0B6A1641D44E" comLinkType="cltPageLink"/>
    <linkSource sourcePageID="6C11AD2A-4DC0-4E44-87FF-52B8971B9BCF" comID="4B540763-C535-4B2A-87C2-34B3CE49D367" comLinkType="cltPageLink"/>
    <linkSource sourcePageID="02388DBA-9AC2-49BA-9C05-34841FE03230" comID="995F2419-0727-4456-A0C1-EC244A92457D" comLinkType="cltPageLink"/>
    <linkSource sourcePageID="294BFBF9-5F37-4BDB-BFB2-2BE6C698751E" comID="BC31922D-D567-48FA-8DA0-7861565A80FC" comLinkType="cltPageLink"/>
  </page>
  <page ID="E058076B-9A4C-420F-B3B1-797638470BA7">
    <linkSource sourcePageID="E058076B-9A4C-420F-B3B1-797638470BA7" comID="99554D98-44CD-40FA-AA3F-226809D07EFA" comLinkType="cltPageLink"/>
    <linkSource sourcePageID="40F25B59-357F-4D38-9EF5-75CDE01E11C8" comID="82E513FD-1BD3-400C-ABF0-E7F298719AC8" comLinkType="cltPageLink"/>
  </page>
  <page ID="215613A8-2AC9-457A-A1BF-1A21D2A851FE">
    <linkSource sourcePageID="215613A8-2AC9-457A-A1BF-1A21D2A851FE" comID="99554D98-44CD-40FA-AA3F-226809D07EFA" comLinkType="cltPageLink"/>
    <linkSource sourcePageID="E058076B-9A4C-420F-B3B1-797638470BA7" comID="D17ABC39-F993-4320-AD62-4FAB1F1C02B3" comLinkType="cltPageLink"/>
  </page>
  <page ID="62447F39-370A-4D55-85BC-9986A9F0FAE7">
    <linkSource sourcePageID="62447F39-370A-4D55-85BC-9986A9F0FAE7" comID="99554D98-44CD-40FA-AA3F-226809D07EFA" comLinkType="cltPageLink"/>
    <linkSource sourcePageID="215613A8-2AC9-457A-A1BF-1A21D2A851FE" comID="32AD6DCF-4C03-4EDC-BC69-EA4F62B5F899" comLinkType="cltPageLink"/>
  </page>
  <page ID="2606CC4C-4D13-445F-AFB8-18740AF5EACE">
    <linkSource sourcePageID="2606CC4C-4D13-445F-AFB8-18740AF5EACE" comID="99554D98-44CD-40FA-AA3F-226809D07EFA" comLinkType="cltPageLink"/>
  </page>
  <page ID="422EE766-0073-4E0A-81F5-1443D743BB60">
    <linkSource sourcePageID="6AA02C60-2BB5-497E-A86E-675DC1FD00FD" comID="08412C25-B266-4234-860D-1B335A67DBD6" comLinkType="cltPageLink"/>
  </page>
  <page ID="008D8E0F-0592-42D8-88B9-162FDA2E05D5">
    <linkSource sourcePageID="B62E1E3E-AE06-4B04-8100-574BDD086B80" comID="CC97E009-E290-4C68-BAED-9001513C375A" comLinkType="cltPageLink"/>
    <linkSource sourcePageID="40F25B59-357F-4D38-9EF5-75CDE01E11C8" comID="5B1FB56B-70B8-49ED-A0B8-0932E151A810" comLinkType="cltPageLink"/>
    <linkSource sourcePageID="008D8E0F-0592-42D8-88B9-162FDA2E05D5" comID="587D5C50-BAC1-4B1B-96FE-8CBBAF922E09" comLinkType="cltPageLink"/>
    <linkSource sourcePageID="96937B2B-CCB5-4551-87F1-0C3F77B028F5" comID="9B790C68-D6B1-4083-94B9-1BA18ACA4CCC" comLinkType="cltPageLink"/>
    <linkSource sourcePageID="9F5725BD-F51A-4E8B-8C11-1312CAA21B4D" comID="09E24C01-24D1-4293-B13D-65B43E9AA5E4" comLinkType="cltPageLink"/>
    <linkSource sourcePageID="D9B815DD-E9BE-4CBF-8D62-714FCE541B38" comID="90B1E6E4-F2F7-455A-A515-FA4933AB2777" comLinkType="cltPageLink"/>
    <linkSource sourcePageID="6C11AD2A-4DC0-4E44-87FF-52B8971B9BCF" comID="DA259550-C146-4091-8A6A-D3572E03984A" comLinkType="cltPageLink"/>
    <linkSource sourcePageID="02388DBA-9AC2-49BA-9C05-34841FE03230" comID="09E24C01-24D1-4293-B13D-65B43E9AA5E4" comLinkType="cltPageLink"/>
    <linkSource sourcePageID="E058076B-9A4C-420F-B3B1-797638470BA7" comID="5B1FB56B-70B8-49ED-A0B8-0932E151A810" comLinkType="cltPageLink"/>
    <linkSource sourcePageID="215613A8-2AC9-457A-A1BF-1A21D2A851FE" comID="5B1FB56B-70B8-49ED-A0B8-0932E151A810" comLinkType="cltPageLink"/>
    <linkSource sourcePageID="B7DB59A8-04D3-45AC-939D-A3C04BE6490D" comID="5B1FB56B-70B8-49ED-A0B8-0932E151A810" comLinkType="cltPageLink"/>
    <linkSource sourcePageID="62447F39-370A-4D55-85BC-9986A9F0FAE7" comID="5B1FB56B-70B8-49ED-A0B8-0932E151A810" comLinkType="cltPageLink"/>
    <linkSource sourcePageID="2606CC4C-4D13-445F-AFB8-18740AF5EACE" comID="5B1FB56B-70B8-49ED-A0B8-0932E151A810" comLinkType="cltPageLink"/>
  </page>
  <page ID="96937B2B-CCB5-4551-87F1-0C3F77B028F5">
    <linkSource sourcePageID="008D8E0F-0592-42D8-88B9-162FDA2E05D5" comID="2188A1C4-8F8B-4172-9A61-5EEEF42BAAF6" comLinkType="cltPageLink"/>
    <linkSource sourcePageID="B62E1E3E-AE06-4B04-8100-574BDD086B80" comID="831D596C-655F-4622-9736-7AEE89CC65F4" comLinkType="cltPageLink"/>
    <linkSource sourcePageID="40F25B59-357F-4D38-9EF5-75CDE01E11C8" comID="450FDEB2-A251-4E98-8195-01C8C5C3FC0C" comLinkType="cltPageLink"/>
    <linkSource sourcePageID="008D8E0F-0592-42D8-88B9-162FDA2E05D5" comID="36DD4654-FBDF-48BD-963C-645DF9C3753D" comLinkType="cltPageLink"/>
    <linkSource sourcePageID="96937B2B-CCB5-4551-87F1-0C3F77B028F5" comID="9D1D76E3-B16C-47D9-AB10-197E16075F34" comLinkType="cltPageLink"/>
    <linkSource sourcePageID="9F5725BD-F51A-4E8B-8C11-1312CAA21B4D" comID="A8F85181-FDB0-4AEB-A6AA-FFA90DA9DF84" comLinkType="cltPageLink"/>
    <linkSource sourcePageID="D9B815DD-E9BE-4CBF-8D62-714FCE541B38" comID="5AD6D8F1-B468-42B7-81C1-2600DD255966" comLinkType="cltPageLink"/>
    <linkSource sourcePageID="6C11AD2A-4DC0-4E44-87FF-52B8971B9BCF" comID="64288B78-0E02-4F29-B2E2-52218A8EEF33" comLinkType="cltPageLink"/>
    <linkSource sourcePageID="02388DBA-9AC2-49BA-9C05-34841FE03230" comID="A8F85181-FDB0-4AEB-A6AA-FFA90DA9DF84" comLinkType="cltPageLink"/>
    <linkSource sourcePageID="E058076B-9A4C-420F-B3B1-797638470BA7" comID="450FDEB2-A251-4E98-8195-01C8C5C3FC0C" comLinkType="cltPageLink"/>
    <linkSource sourcePageID="215613A8-2AC9-457A-A1BF-1A21D2A851FE" comID="450FDEB2-A251-4E98-8195-01C8C5C3FC0C" comLinkType="cltPageLink"/>
    <linkSource sourcePageID="B7DB59A8-04D3-45AC-939D-A3C04BE6490D" comID="450FDEB2-A251-4E98-8195-01C8C5C3FC0C" comLinkType="cltPageLink"/>
    <linkSource sourcePageID="62447F39-370A-4D55-85BC-9986A9F0FAE7" comID="450FDEB2-A251-4E98-8195-01C8C5C3FC0C" comLinkType="cltPageLink"/>
    <linkSource sourcePageID="2606CC4C-4D13-445F-AFB8-18740AF5EACE" comID="450FDEB2-A251-4E98-8195-01C8C5C3FC0C" comLinkType="cltPageLink"/>
  </page>
  <page ID="9F5725BD-F51A-4E8B-8C11-1312CAA21B4D">
    <linkSource sourcePageID="B62E1E3E-AE06-4B04-8100-574BDD086B80" comID="7E66DCDF-FC92-4EC4-A7D0-3EDB9AC6FE0C" comLinkType="cltPageLink"/>
    <linkSource sourcePageID="40F25B59-357F-4D38-9EF5-75CDE01E11C8" comID="96E9A236-1925-4B53-964D-EFD02F04B727" comLinkType="cltPageLink"/>
    <linkSource sourcePageID="008D8E0F-0592-42D8-88B9-162FDA2E05D5" comID="F3189ECD-6E4F-4E3D-9670-1A3C407CA4E7" comLinkType="cltPageLink"/>
    <linkSource sourcePageID="96937B2B-CCB5-4551-87F1-0C3F77B028F5" comID="CA93969D-A3D2-4EFF-8A17-8352015168FF" comLinkType="cltPageLink"/>
    <linkSource sourcePageID="9F5725BD-F51A-4E8B-8C11-1312CAA21B4D" comID="B047D452-826C-45B7-AB5A-E9FB1B40D42B" comLinkType="cltPageLink"/>
    <linkSource sourcePageID="D9B815DD-E9BE-4CBF-8D62-714FCE541B38" comID="D121A59D-E4E2-47C5-B244-A61E436631F8" comLinkType="cltPageLink"/>
    <linkSource sourcePageID="6C11AD2A-4DC0-4E44-87FF-52B8971B9BCF" comID="E21A0268-DA3A-4E88-B902-4A7CFE185AAF" comLinkType="cltPageLink"/>
    <linkSource sourcePageID="E058076B-9A4C-420F-B3B1-797638470BA7" comID="96E9A236-1925-4B53-964D-EFD02F04B727" comLinkType="cltPageLink"/>
    <linkSource sourcePageID="215613A8-2AC9-457A-A1BF-1A21D2A851FE" comID="96E9A236-1925-4B53-964D-EFD02F04B727" comLinkType="cltPageLink"/>
    <linkSource sourcePageID="B7DB59A8-04D3-45AC-939D-A3C04BE6490D" comID="96E9A236-1925-4B53-964D-EFD02F04B727" comLinkType="cltPageLink"/>
    <linkSource sourcePageID="62447F39-370A-4D55-85BC-9986A9F0FAE7" comID="96E9A236-1925-4B53-964D-EFD02F04B727" comLinkType="cltPageLink"/>
    <linkSource sourcePageID="2606CC4C-4D13-445F-AFB8-18740AF5EACE" comID="96E9A236-1925-4B53-964D-EFD02F04B727" comLinkType="cltPageLink"/>
  </page>
  <page ID="D9B815DD-E9BE-4CBF-8D62-714FCE541B38">
    <linkSource sourcePageID="9F5725BD-F51A-4E8B-8C11-1312CAA21B4D" comID="D35A4A82-7D72-4DDF-8228-8B303DF099AF" comLinkType="cltPageLink"/>
    <linkSource sourcePageID="B62E1E3E-AE06-4B04-8100-574BDD086B80" comID="7FA6DDAF-851E-466B-81F0-7DC9B42D4F30" comLinkType="cltPageLink"/>
    <linkSource sourcePageID="40F25B59-357F-4D38-9EF5-75CDE01E11C8" comID="FF65CC46-0CD8-4112-883C-48541AF6E7D0" comLinkType="cltPageLink"/>
    <linkSource sourcePageID="008D8E0F-0592-42D8-88B9-162FDA2E05D5" comID="6CEBF597-8A5B-4C8A-9E57-7CBB0BC41F91" comLinkType="cltPageLink"/>
    <linkSource sourcePageID="96937B2B-CCB5-4551-87F1-0C3F77B028F5" comID="57240D5D-A782-4DFA-AA53-0FD4C25058A5" comLinkType="cltPageLink"/>
    <linkSource sourcePageID="9F5725BD-F51A-4E8B-8C11-1312CAA21B4D" comID="CBCD04DE-672B-4CD8-9216-59D9E873B11D" comLinkType="cltPageLink"/>
    <linkSource sourcePageID="D9B815DD-E9BE-4CBF-8D62-714FCE541B38" comID="BB7D60A3-E0F2-4707-99DE-08DC1FE378C9" comLinkType="cltPageLink"/>
    <linkSource sourcePageID="6C11AD2A-4DC0-4E44-87FF-52B8971B9BCF" comID="25877D49-2950-435C-9C8F-E7D6CEA59DF1" comLinkType="cltPageLink"/>
    <linkSource sourcePageID="02388DBA-9AC2-49BA-9C05-34841FE03230" comID="CBCD04DE-672B-4CD8-9216-59D9E873B11D" comLinkType="cltPageLink"/>
    <linkSource sourcePageID="E058076B-9A4C-420F-B3B1-797638470BA7" comID="FF65CC46-0CD8-4112-883C-48541AF6E7D0" comLinkType="cltPageLink"/>
    <linkSource sourcePageID="215613A8-2AC9-457A-A1BF-1A21D2A851FE" comID="FF65CC46-0CD8-4112-883C-48541AF6E7D0" comLinkType="cltPageLink"/>
    <linkSource sourcePageID="B7DB59A8-04D3-45AC-939D-A3C04BE6490D" comID="FF65CC46-0CD8-4112-883C-48541AF6E7D0" comLinkType="cltPageLink"/>
    <linkSource sourcePageID="62447F39-370A-4D55-85BC-9986A9F0FAE7" comID="FF65CC46-0CD8-4112-883C-48541AF6E7D0" comLinkType="cltPageLink"/>
    <linkSource sourcePageID="2606CC4C-4D13-445F-AFB8-18740AF5EACE" comID="FF65CC46-0CD8-4112-883C-48541AF6E7D0" comLinkType="cltPageLink"/>
  </page>
  <page ID="02388DBA-9AC2-49BA-9C05-34841FE03230">
    <linkSource sourcePageID="02388DBA-9AC2-49BA-9C05-34841FE03230" comID="B047D452-826C-45B7-AB5A-E9FB1B40D42B" comLinkType="cltPageLink"/>
  </page>
  <page ID="B7DB59A8-04D3-45AC-939D-A3C04BE6490D">
    <linkSource sourcePageID="B7DB59A8-04D3-45AC-939D-A3C04BE6490D" comID="99554D98-44CD-40FA-AA3F-226809D07EFA" comLinkType="cltPageLink"/>
  </page>
</LinkSources>